               epoch,      train/box_loss,      train/obj_loss,      train/cls_loss,   metrics/precision,      metrics/recall,     metrics/mAP_0.5,metrics/mAP_0.5:0.95,        val/box_loss,        val/obj_loss,        val/cls_loss,               x/lr0,               x/lr1,               x/lr2
                   0,             0.12549,            0.020444,                   0,          0.00044444,             0.13333,           0.0005692,          0.00012154,             0.12179,            0.016042,                   0,                 0.1,                   0,                   0
                   1,             0.12549,            0.020521,                   0,          0.00055556,             0.16667,          0.00063512,          0.00012973,              0.1223,            0.015969,                   0,              0.0991,           9.967e-05,           9.967e-05
                   2,             0.12461,            0.020177,                   0,          0.00055556,             0.16667,          0.00061719,          0.00012682,             0.12227,             0.01583,                   0,            0.098199,          0.00019868,          0.00019868
                   3,             0.12428,            0.019615,                   0,          0.00055556,             0.16667,           0.0006195,          0.00010555,             0.12197,            0.015645,                   0,            0.097297,          0.00029703,          0.00029703
                   4,             0.12306,            0.019554,                   0,          0.00044444,             0.13333,          0.00038429,          9.7595e-05,             0.12132,            0.015481,                   0,            0.096395,          0.00039472,          0.00039472
                   5,             0.12382,            0.020053,                   0,          0.00055556,             0.16667,           0.0004408,            9.48e-05,             0.12066,            0.015273,                   0,            0.095492,          0.00049175,          0.00049175
                   6,             0.12096,            0.020545,                   0,          0.00055556,             0.16667,          0.00055383,           0.0001096,             0.11993,            0.015044,                   0,            0.094588,          0.00058812,          0.00058812
                   7,             0.11811,             0.01947,                   0,          0.00055556,             0.16667,           0.0005658,          0.00011043,             0.11927,            0.014736,                   0,            0.093684,          0.00068383,          0.00068383
                   8,             0.11848,            0.019601,                   0,          0.00044444,             0.13333,          0.00034295,           8.673e-05,             0.11861,            0.014434,                   0,            0.092779,          0.00077888,          0.00077888
                   9,             0.11639,            0.020451,                   0,          0.00044444,             0.13333,          0.00035489,          6.3194e-05,             0.11781,            0.014124,                   0,            0.091873,          0.00087327,          0.00087327
                  10,             0.11359,            0.018852,                   0,          0.00044444,             0.13333,          0.00029396,           4.562e-05,             0.11687,            0.013862,                   0,            0.090967,            0.000967,            0.000967
                  11,             0.11503,            0.017592,                   0,          0.00033333,                 0.1,          0.00028174,          4.4515e-05,             0.11618,            0.013623,                   0,             0.09006,           0.0010601,           0.0010601
                  12,             0.11178,            0.018001,                   0,          0.00033333,                 0.1,          0.00028955,           5.791e-05,             0.11543,            0.013359,                   0,            0.089152,           0.0011525,           0.0011525
                  13,             0.11365,             0.01782,                   0,          0.00055556,             0.16667,           0.0013604,           0.0001719,             0.11477,            0.013071,                   0,            0.088244,           0.0012442,           0.0012442
                  14,             0.11047,            0.018402,                   0,          0.00066667,                 0.2,           0.0017282,          0.00023162,             0.11412,             0.01281,                   0,            0.087335,           0.0013353,           0.0013353
                  15,             0.11267,            0.016331,                   0,          0.00066667,                 0.2,             0.00077,          0.00016201,             0.11315,            0.012646,                   0,            0.086426,           0.0014257,           0.0014257
                  16,             0.10676,            0.018192,                   0,          0.00077778,             0.23333,          0.00064701,          0.00018926,             0.11207,             0.01249,                   0,            0.085516,           0.0015155,           0.0015155
                  17,             0.11135,            0.016401,                   0,          0.00077778,             0.23333,          0.00070473,          0.00018481,             0.11126,            0.012419,                   0,            0.084605,           0.0016046,           0.0016046
                  18,             0.10625,            0.017007,                   0,          0.00088889,             0.26667,          0.00084018,          0.00022579,             0.11016,             0.01239,                   0,            0.083693,           0.0016931,           0.0016931
                  19,              0.1048,            0.016627,                   0,          0.00088889,             0.26667,          0.00082113,           0.0002247,             0.10916,            0.012288,                   0,            0.082781,           0.0017809,           0.0017809
                  20,             0.10561,              0.0168,                   0,          0.00088889,             0.26667,           0.0010506,          0.00025182,             0.10804,            0.012161,                   0,            0.081868,            0.001868,            0.001868
                  21,             0.10211,            0.017806,                   0,          0.00088889,             0.26667,          0.00079701,          0.00018246,             0.10757,            0.011946,                   0,            0.080954,           0.0019545,           0.0019545
                  22,             0.10234,            0.017428,                   0,          0.00088889,             0.26667,           0.0012511,          0.00023475,              0.1068,            0.011836,                   0,             0.08004,           0.0020403,           0.0020403
                  23,             0.10074,            0.016954,                   0,           0.0011111,             0.33333,           0.0012181,          0.00031258,             0.10635,            0.011731,                   0,            0.079125,           0.0021254,           0.0021254
                  24,            0.098624,            0.017773,                   0,           0.0012222,             0.36667,           0.0017715,          0.00045521,             0.10549,             0.01157,                   0,             0.07821,           0.0022099,           0.0022099
                  25,            0.097645,            0.017143,                   0,          0.00088889,             0.26667,           0.0013064,          0.00033577,             0.10422,            0.011421,                   0,            0.077294,           0.0022938,           0.0022938
                  26,            0.096008,            0.017239,                   0,               0.001,                 0.3,           0.0012322,          0.00036864,             0.10384,             0.01134,                   0,            0.076377,           0.0023769,           0.0023769
                  27,            0.097892,            0.016541,                   0,           0.0014444,             0.43333,            0.003826,           0.0010169,             0.10099,            0.011592,                   0,            0.075459,           0.0024594,           0.0024594
                  28,            0.092835,            0.016565,                   0,           0.0014444,             0.43333,           0.0043706,          0.00097659,             0.10043,            0.011511,                   0,            0.074541,           0.0025413,           0.0025413
                  29,            0.094858,            0.015924,                   0,           0.0015556,             0.46667,           0.0039066,          0.00092336,            0.099082,            0.011343,                   0,            0.073622,           0.0026225,           0.0026225
                  30,            0.088788,            0.017877,                   0,           0.0014444,             0.43333,            0.004239,           0.0012806,            0.097707,            0.011282,                   0,            0.072703,            0.002703,            0.002703
                  31,            0.087188,            0.018563,                   0,           0.0016667,                 0.5,           0.0083699,            0.002465,            0.096373,             0.01124,                   0,            0.071783,           0.0027829,           0.0027829
                  32,            0.087948,            0.017845,                   0,           0.0014444,             0.43333,            0.010521,           0.0024184,            0.095273,            0.011184,                   0,            0.070862,           0.0028621,           0.0028621
                  33,            0.083765,            0.018608,                   0,           0.0016667,                 0.5,             0.01728,           0.0027794,            0.096903,             0.01083,                   0,            0.069941,           0.0029406,           0.0029406
                  34,            0.082822,            0.017908,                   0,           0.0016667,                 0.5,            0.013135,           0.0037232,            0.096593,            0.010706,                   0,            0.069019,           0.0030185,           0.0030185
                  35,            0.080712,            0.016884,                   0,               0.002,                 0.6,           0.0073174,           0.0012802,            0.097276,            0.010613,                   0,            0.068096,           0.0030958,           0.0030958
                  36,            0.080189,            0.017504,                   0,           0.0018889,             0.56667,             0.02149,           0.0061896,            0.093777,            0.010835,                   0,            0.067172,           0.0031723,           0.0031723
                  37,            0.078335,            0.018274,                   0,           0.0021111,             0.63333,           0.0075332,           0.0016961,            0.096736,            0.010603,                   0,            0.066248,           0.0032482,           0.0032482
                  38,            0.078663,            0.019201,                   0,           0.0018889,             0.56667,            0.025204,           0.0069051,            0.089973,             0.01106,                   0,            0.065323,           0.0033235,           0.0033235
                  39,            0.075776,             0.01691,                   0,           0.0018889,             0.56667,            0.046345,            0.010465,            0.095646,            0.010525,                   0,            0.064398,           0.0033981,           0.0033981
                  40,            0.075717,            0.018716,                   0,           0.0017778,             0.53333,            0.019724,           0.0063147,            0.091179,            0.010818,                   0,            0.063472,            0.003472,            0.003472
                  41,            0.074267,            0.016888,                   0,           0.0017778,             0.53333,            0.019358,           0.0064801,            0.090911,             0.01085,                   0,            0.062545,           0.0035453,           0.0035453
                  42,            0.073705,            0.017537,                   0,           0.0023333,                 0.7,            0.048958,            0.007081,            0.094966,            0.010544,                   0,            0.061618,           0.0036179,           0.0036179
                  43,            0.073247,             0.01791,                   0,           0.0021111,             0.63333,            0.023708,           0.0048437,            0.087974,            0.011187,                   0,             0.06069,           0.0036898,           0.0036898
                  44,            0.070117,            0.016259,                   0,           0.0024444,             0.73333,            0.052306,           0.0077872,            0.089445,            0.011008,                   0,            0.059761,           0.0037611,           0.0037611
                  45,            0.064784,            0.019536,                   0,           0.0021111,             0.63333,            0.033858,           0.0092347,             0.08833,            0.010806,                   0,            0.058832,           0.0038317,           0.0038317
                  46,            0.074417,            0.015691,                   0,           0.0028663,                 0.8,            0.053128,           0.0091992,            0.089837,            0.010964,                   0,            0.057902,           0.0039017,           0.0039017
                  47,            0.066663,            0.018371,                   0,           0.0025556,             0.76667,            0.048849,            0.013503,            0.084643,            0.011301,                   0,            0.056971,            0.003971,            0.003971
                  48,            0.062961,            0.018186,                   0,             0.01125,             0.63333,            0.079257,            0.020287,            0.090834,             0.01075,                   0,             0.05604,           0.0040397,           0.0040397
                  49,            0.065754,             0.01684,                   0,            0.020906,                 0.6,              0.1115,            0.026588,            0.084125,            0.011243,                   0,            0.055108,           0.0041077,           0.0041077
                  50,            0.061001,            0.018908,                   0,            0.025915,                 0.4,            0.081085,            0.026337,            0.091071,            0.010485,                   0,            0.054175,            0.004175,            0.004175
                  51,            0.067493,            0.016426,                   0,            0.084722,             0.36667,             0.12376,            0.024443,            0.083304,            0.011089,                   0,            0.053242,           0.0042417,           0.0042417
                  52,            0.060014,            0.016651,                   0,            0.091973,                 0.3,            0.084453,             0.01634,            0.089535,            0.010488,                   0,            0.052308,           0.0043077,           0.0043077
                  53,            0.064779,            0.017591,                   0,            0.088775,             0.27284,              0.1049,            0.024006,             0.08339,            0.011125,                   0,            0.051373,            0.004373,            0.004373
                  54,            0.060208,            0.016033,                   0,             0.13795,             0.23333,            0.097769,            0.029696,            0.090266,            0.010377,                   0,            0.050438,           0.0044377,           0.0044377
                  55,            0.061463,            0.017642,                   0,            0.060911,             0.36667,            0.066029,            0.022552,            0.083833,            0.011038,                   0,            0.049502,           0.0045017,           0.0045017
                  56,            0.060497,            0.018482,                   0,             0.17032,             0.30109,             0.13328,            0.045825,            0.087563,            0.010599,                   0,            0.048565,           0.0045651,           0.0045651
                  57,             0.05814,            0.017659,                   0,            0.062512,            0.066667,            0.037298,            0.018954,            0.084748,            0.011121,                   0,            0.047628,           0.0046278,           0.0046278
                  58,            0.061783,            0.014894,                   0,              0.2116,                 0.2,            0.095887,             0.03111,            0.082903,            0.011372,                   0,             0.04669,           0.0046899,           0.0046899
                  59,            0.054399,            0.018281,                   0,             0.11843,             0.16571,            0.043653,            0.015247,            0.085293,            0.011499,                   0,            0.045751,           0.0047513,           0.0047513
                  60,            0.060249,            0.016397,                   0,             0.24938,             0.26667,             0.11232,            0.033546,            0.081911,            0.011785,                   0,            0.044812,            0.004812,            0.004812
                  61,            0.053418,             0.01759,                   0,            0.066719,             0.13333,            0.036805,            0.013021,            0.083965,            0.011467,                   0,            0.043872,           0.0048721,           0.0048721
                  62,            0.055675,            0.018773,                   0,             0.29579,             0.26667,             0.13045,            0.035954,            0.082093,            0.011709,                   0,            0.042931,           0.0049315,           0.0049315
                  63,             0.05294,             0.01876,                   0,             0.11078,                 0.2,            0.057565,            0.019197,            0.083403,            0.011545,                   0,             0.04199,           0.0049902,           0.0049902
                  64,            0.057748,            0.016905,                   0,              0.2769,             0.23333,              0.1371,            0.040724,            0.082781,            0.011515,                   0,            0.041048,           0.0050483,           0.0050483
                  65,            0.053461,            0.017388,                   0,             0.13045,             0.16667,            0.064846,            0.016396,            0.081594,            0.011543,                   0,            0.040106,           0.0051057,           0.0051057
                  66,            0.051588,            0.018872,                   0,             0.34347,             0.23333,             0.12697,            0.037632,             0.08286,            0.011199,                   0,            0.039163,           0.0051625,           0.0051625
                  67,            0.054203,            0.017177,                   0,             0.15479,                 0.2,            0.093165,            0.027021,            0.079745,            0.011589,                   0,            0.038219,           0.0052186,           0.0052186
                  68,            0.054601,            0.016366,                   0,             0.29158,             0.23333,             0.12241,            0.039803,            0.081859,             0.01101,                   0,            0.037274,           0.0052741,           0.0052741
                  69,            0.054897,            0.017826,                   0,             0.18543,             0.16667,            0.097617,            0.028195,            0.078476,            0.011387,                   0,            0.036329,           0.0053289,           0.0053289
                  70,            0.051596,            0.016445,                   0,              0.2662,             0.16942,             0.13246,            0.042022,            0.083845,            0.010615,                   0,            0.035383,            0.005383,            0.005383
                  71,            0.051171,             0.01833,                   0,               0.155,                 0.3,             0.10394,            0.033931,            0.075727,            0.011663,                   0,            0.034436,           0.0054365,           0.0054365
                  72,            0.049706,            0.016272,                   0,             0.22838,             0.29607,             0.15211,            0.066051,            0.084746,            0.010442,                   0,            0.033489,           0.0054893,           0.0054893
                  73,            0.051127,            0.016515,                   0,             0.18857,             0.26667,             0.11757,            0.035534,            0.075908,            0.011501,                   0,            0.032541,           0.0055414,           0.0055414
                  74,              0.0479,            0.017161,                   0,             0.30187,             0.23333,             0.16736,             0.06471,            0.082273,            0.010485,                   0,            0.031593,           0.0055929,           0.0055929
                  75,            0.054459,            0.014697,                   0,             0.24298,             0.33333,             0.14652,             0.04031,            0.075102,            0.011299,                   0,            0.030644,           0.0056438,           0.0056438
                  76,            0.044157,            0.017017,                   0,              0.2035,             0.26667,             0.15449,            0.050927,             0.08258,             0.01017,                   0,            0.029694,           0.0056939,           0.0056939
                  77,            0.050334,            0.017847,                   0,             0.20762,             0.26667,             0.13437,            0.042925,            0.074411,            0.011321,                   0,            0.028743,           0.0057434,           0.0057434
                  78,            0.048859,            0.016898,                   0,             0.24641,                 0.3,             0.14557,            0.057442,            0.082178,            0.010488,                   0,            0.027792,           0.0057923,           0.0057923
                  79,            0.052008,            0.014507,                   0,             0.17438,             0.13333,            0.082686,            0.027654,             0.07547,            0.011631,                   0,             0.02684,           0.0058405,           0.0058405
                  80,            0.043655,            0.016323,                   0,             0.24083,             0.26667,             0.13354,            0.050568,            0.081602,             0.01041,                   0,            0.025888,            0.005888,            0.005888
                  81,            0.049399,            0.015483,                   0,             0.19892,             0.13333,             0.11253,            0.056013,            0.074808,            0.011284,                   0,            0.024935,           0.0059349,           0.0059349
                  82,            0.045339,            0.016889,                   0,             0.44224,                 0.2,             0.15817,            0.055558,            0.082653,           0.0099829,                   0,            0.023981,           0.0059811,           0.0059811
                  83,              0.0456,            0.017321,                   0,             0.25982,             0.13333,             0.13102,            0.056197,            0.076158,            0.010854,                   0,            0.023027,           0.0060266,           0.0060266
                  84,            0.044874,            0.015285,                   0,             0.26905,                 0.3,             0.18491,            0.071221,            0.082093,           0.0098682,                   0,            0.022072,           0.0060715,           0.0060715
                  85,            0.048205,            0.015949,                   0,             0.21395,             0.13333,             0.13443,            0.054249,            0.076261,            0.010804,                   0,            0.021116,           0.0061157,           0.0061157
                  86,            0.044341,            0.016339,                   0,             0.19855,             0.23333,             0.17214,            0.071103,            0.081945,           0.0097021,                   0,            0.020159,           0.0061593,           0.0061593
                  87,            0.045828,            0.016448,                   0,             0.20199,             0.13333,             0.13018,            0.042042,            0.076622,            0.010693,                   0,            0.019202,           0.0062022,           0.0062022
                  88,            0.045229,            0.014864,                   0,             0.20876,                 0.2,             0.15649,            0.071006,            0.082987,           0.0095129,                   0,            0.018244,           0.0062445,           0.0062445
                  89,               0.043,             0.01421,                   0,             0.49508,                 0.1,             0.11623,            0.047016,            0.078412,            0.010573,                   0,            0.017286,           0.0062861,           0.0062861
                  90,            0.043125,            0.014691,                   0,             0.21529,             0.26526,             0.16278,            0.069785,            0.081427,           0.0098584,                   0,            0.016327,            0.006327,            0.006327
                  91,            0.045118,            0.015875,                   0,             0.27395,                 0.2,             0.14082,            0.043892,            0.079717,            0.010383,                   0,            0.015367,           0.0063673,           0.0063673
                  92,            0.045546,            0.014306,                   0,              0.2652,             0.13333,             0.11523,            0.031559,            0.077683,            0.010913,                   0,            0.014407,           0.0064069,           0.0064069
                  93,            0.044681,            0.015465,                   0,             0.40763,                 0.2,             0.15127,            0.045005,            0.078623,            0.010537,                   0,            0.013446,           0.0064458,           0.0064458
                  94,            0.043635,            0.016339,                   0,             0.14822,             0.23333,            0.076184,            0.021561,             0.07536,            0.011644,                   0,            0.012484,           0.0064841,           0.0064841
                  95,            0.041776,            0.014686,                   0,             0.35854,                 0.2,             0.15512,            0.043345,            0.079073,            0.010931,                   0,            0.011522,           0.0065217,           0.0065217
                  96,            0.041863,            0.013002,                   0,             0.20694,             0.26106,            0.090332,            0.027355,            0.074688,             0.01188,                   0,            0.010559,           0.0065587,           0.0065587
                  97,            0.042539,            0.014906,                   0,             0.39221,                 0.2,             0.14097,             0.04065,            0.079551,            0.011056,                   0,            0.009595,            0.006595,            0.006595
                  98,            0.045144,            0.014093,                   0,             0.20548,                 0.2,             0.10446,            0.026878,            0.075901,             0.01156,                   0,           0.0086307,           0.0066307,           0.0066307
                  99,            0.041889,            0.014703,                   0,             0.44796,                 0.2,             0.16343,            0.057187,            0.079825,            0.010601,                   0,           0.0076657,           0.0066657,           0.0066657
                 100,            0.042925,            0.014649,                   0,             0.23908,             0.16667,             0.10367,            0.022611,            0.078504,            0.011161,                   0,              0.0067,              0.0067,              0.0067
                 101,            0.040139,            0.015211,                   0,             0.21818,                 0.3,             0.15187,            0.046127,             0.07719,             0.01083,                   0,              0.0067,              0.0067,              0.0067
                 102,            0.041455,            0.012314,                   0,             0.22399,             0.16667,             0.09358,             0.03704,            0.078341,            0.010631,                   0,            0.006667,            0.006667,            0.006667
                 103,            0.040294,            0.012953,                   0,             0.25477,                 0.3,             0.16285,            0.054862,            0.075669,            0.010515,                   0,            0.006634,            0.006634,            0.006634
                 104,            0.037921,            0.013937,                   0,             0.16463,                 0.2,             0.09908,            0.053339,            0.078532,            0.010674,                   0,            0.006601,            0.006601,            0.006601
                 105,            0.042655,            0.011655,                   0,             0.22452,             0.26667,             0.13844,            0.050801,            0.080134,            0.010245,                   0,            0.006568,            0.006568,            0.006568
                 106,            0.038678,             0.01468,                   0,             0.32185,             0.26903,             0.17486,            0.057167,            0.080238,            0.010697,                   0,            0.006535,            0.006535,            0.006535
                 107,            0.038191,            0.013103,                   0,             0.30185,             0.33333,             0.16223,            0.053808,            0.079892,            0.010646,                   0,            0.006502,            0.006502,            0.006502
                 108,            0.038014,            0.012112,                   0,             0.19184,                 0.4,              0.1329,            0.051801,            0.079619,            0.010731,                   0,            0.006469,            0.006469,            0.006469
                 109,            0.040108,            0.013358,                   0,             0.25243,             0.33333,              0.1382,            0.068891,            0.080405,            0.010338,                   0,            0.006436,            0.006436,            0.006436
                 110,            0.040171,            0.013421,                   0,             0.31761,             0.26667,             0.19801,            0.039203,            0.079022,            0.011259,                   0,            0.006403,            0.006403,            0.006403
                 111,            0.036589,            0.013363,                   0,             0.19623,             0.23333,            0.090577,             0.03444,            0.080567,            0.010977,                   0,             0.00637,             0.00637,             0.00637
                 112,            0.038764,            0.011287,                   0,             0.24871,                 0.3,             0.18558,            0.052415,            0.078686,            0.011132,                   0,            0.006337,            0.006337,            0.006337
                 113,            0.037139,            0.012161,                   0,             0.16371,             0.26667,            0.079975,            0.031288,            0.080935,            0.010846,                   0,            0.006304,            0.006304,            0.006304
                 114,            0.036358,            0.011162,                   0,             0.30334,             0.26667,             0.16811,            0.047891,            0.078582,            0.010928,                   0,            0.006271,            0.006271,            0.006271
                 115,            0.036718,            0.012543,                   0,              0.2968,             0.26667,             0.16724,            0.040775,            0.079778,            0.010808,                   0,            0.006238,            0.006238,            0.006238
                 116,             0.03914,            0.012052,                   0,             0.34069,             0.23333,             0.19376,            0.056032,            0.078073,            0.011453,                   0,            0.006205,            0.006205,            0.006205
                 117,            0.037486,            0.010942,                   0,             0.34168,                 0.3,             0.15069,            0.051804,            0.080153,            0.011108,                   0,            0.006172,            0.006172,            0.006172
                 118,            0.039159,            0.011702,                   0,             0.37999,             0.26563,             0.20857,              0.0612,            0.078095,            0.011244,                   0,            0.006139,            0.006139,            0.006139
                 119,            0.036509,            0.010634,                   0,              0.3217,                 0.3,             0.16858,            0.051309,            0.080566,             0.01032,                   0,            0.006106,            0.006106,            0.006106
                 120,            0.038586,            0.010358,                   0,             0.37687,             0.26667,             0.21243,            0.067807,            0.078335,            0.010808,                   0,            0.006073,            0.006073,            0.006073
                 121,            0.033138,            0.011706,                   0,             0.46852,             0.33333,             0.21963,            0.056072,            0.080098,            0.010271,                   0,             0.00604,             0.00604,             0.00604
                 122,            0.039322,           0.0097293,                   0,              0.3553,             0.26667,             0.17757,            0.063435,            0.077534,            0.010665,                   0,            0.006007,            0.006007,            0.006007
                 123,            0.032105,            0.012261,                   0,              0.3826,                 0.3,             0.13996,            0.050585,            0.079189,            0.010291,                   0,            0.005974,            0.005974,            0.005974
                 124,            0.032762,            0.011271,                   0,             0.38721,             0.23333,             0.18411,            0.058171,            0.078237,            0.010697,                   0,            0.005941,            0.005941,            0.005941
                 125,            0.034104,            0.010103,                   0,             0.43728,                 0.3,             0.20491,            0.092048,             0.07837,            0.010286,                   0,            0.005908,            0.005908,            0.005908
                 126,            0.033848,            0.010709,                   0,              0.2791,             0.23333,             0.13329,            0.048147,            0.077642,            0.010764,                   0,            0.005875,            0.005875,            0.005875
                 127,            0.033241,            0.009142,                   0,             0.42139,                 0.3,             0.19762,            0.081137,            0.078192,            0.010471,                   0,            0.005842,            0.005842,            0.005842
                 128,            0.035142,            0.011326,                   0,             0.25903,                 0.2,            0.078846,            0.032371,            0.078426,            0.010984,                   0,            0.005809,            0.005809,            0.005809
                 129,            0.032507,           0.0094606,                   0,             0.36065,                 0.3,             0.19607,            0.072193,            0.079022,            0.010758,                   0,            0.005776,            0.005776,            0.005776
                 130,            0.032111,           0.0089028,                   0,             0.25463,             0.23333,            0.085836,            0.027165,            0.079147,            0.011218,                   0,            0.005743,            0.005743,            0.005743
                 131,             0.03197,            0.010054,                   0,             0.31995,                 0.3,             0.18734,            0.084389,            0.078127,            0.011068,                   0,             0.00571,             0.00571,             0.00571
                 132,            0.032301,            0.012156,                   0,             0.25796,                 0.2,            0.084527,            0.027255,            0.078042,            0.011406,                   0,            0.005677,            0.005677,            0.005677
                 133,             0.03223,           0.0083789,                   0,             0.46149,             0.26667,             0.19084,            0.079821,            0.076519,            0.011176,                   0,            0.005644,            0.005644,            0.005644
                 134,            0.031237,           0.0099932,                   0,             0.22344,             0.16667,            0.071803,            0.027186,            0.077305,            0.011272,                   0,            0.005611,            0.005611,            0.005611
                 135,            0.029874,            0.009941,                   0,             0.35142,                 0.3,             0.19205,            0.081588,            0.075643,            0.011346,                   0,            0.005578,            0.005578,            0.005578
                 136,            0.033462,            0.010092,                   0,             0.48035,                 0.3,             0.18896,            0.052765,            0.076133,            0.011321,                   0,            0.005545,            0.005545,            0.005545
                 137,            0.029758,           0.0093968,                   0,             0.43488,                 0.3,             0.19579,            0.070007,            0.075472,             0.01151,                   0,            0.005512,            0.005512,            0.005512
                 138,            0.032156,           0.0097317,                   0,             0.28703,                 0.2,             0.11089,             0.03307,            0.076352,            0.011615,                   0,            0.005479,            0.005479,            0.005479
                 139,            0.029954,           0.0085743,                   0,             0.35203,                 0.3,             0.17653,            0.073301,             0.07446,            0.011808,                   0,            0.005446,            0.005446,            0.005446
                 140,            0.031092,           0.0082124,                   0,             0.32451,             0.23333,             0.12721,            0.040327,              0.0761,             0.01147,                   0,            0.005413,            0.005413,            0.005413
                 141,            0.029498,           0.0081737,                   0,             0.32266,                 0.3,             0.17985,            0.069426,            0.075257,            0.011749,                   0,             0.00538,             0.00538,             0.00538
                 142,            0.029564,           0.0092725,                   0,             0.33926,             0.23333,             0.16496,            0.037485,             0.07585,            0.011812,                   0,            0.005347,            0.005347,            0.005347
                 143,            0.032434,           0.0085229,                   0,             0.40233,             0.26667,             0.19378,            0.088262,            0.073226,            0.012087,                   0,            0.005314,            0.005314,            0.005314
                 144,            0.030744,           0.0089085,                   0,             0.34451,             0.23333,             0.16524,            0.038227,            0.075195,            0.011909,                   0,            0.005281,            0.005281,            0.005281
                 145,            0.029581,            0.008361,                   0,             0.43342,             0.33333,              0.2331,            0.089407,            0.072143,            0.011796,                   0,            0.005248,            0.005248,            0.005248
                 146,            0.029373,           0.0076035,                   0,             0.29737,             0.16667,            0.085211,            0.021664,            0.075175,            0.011628,                   0,            0.005215,            0.005215,            0.005215
                 147,            0.028995,           0.0083984,                   0,             0.44079,                 0.3,             0.22277,            0.085373,            0.071533,            0.011599,                   0,            0.005182,            0.005182,            0.005182
                 148,            0.029643,           0.0084903,                   0,             0.38858,                 0.3,             0.20798,            0.037292,             0.07403,            0.011582,                   0,            0.005149,            0.005149,            0.005149
                 149,            0.026258,           0.0085874,                   0,             0.45663,             0.26667,             0.21084,            0.078846,            0.071375,            0.011548,                   0,            0.005116,            0.005116,            0.005116
                 150,             0.02992,           0.0089891,                   0,             0.36279,                 0.2,             0.17026,            0.046276,            0.073608,            0.011428,                   0,            0.005083,            0.005083,            0.005083
                 151,            0.027257,           0.0088198,                   0,             0.52464,             0.26667,             0.22516,            0.078742,            0.072368,            0.011438,                   0,             0.00505,             0.00505,             0.00505
                 152,            0.027825,           0.0074454,                   0,             0.28682,             0.33333,              0.1997,            0.056473,            0.073477,            0.011438,                   0,            0.005017,            0.005017,            0.005017
                 153,            0.028817,           0.0080747,                   0,             0.45776,             0.26667,             0.22948,            0.090638,            0.071587,            0.011371,                   0,            0.004984,            0.004984,            0.004984
                 154,            0.027791,           0.0074323,                   0,             0.54787,             0.23333,             0.22258,            0.056878,            0.073696,            0.011379,                   0,            0.004951,            0.004951,            0.004951
                 155,            0.028167,           0.0079844,                   0,             0.61207,             0.26322,             0.23772,            0.094221,            0.071877,            0.011418,                   0,            0.004918,            0.004918,            0.004918
                 156,            0.027398,           0.0077224,                   0,             0.47629,             0.16667,             0.16903,            0.043282,            0.074189,            0.011421,                   0,            0.004885,            0.004885,            0.004885
                 157,            0.027299,           0.0078362,                   0,             0.49133,             0.26667,             0.24015,            0.090075,            0.072033,            0.011563,                   0,            0.004852,            0.004852,            0.004852
                 158,            0.027245,           0.0082322,                   0,              0.3948,             0.26667,             0.21466,             0.05165,            0.074266,            0.011541,                   0,            0.004819,            0.004819,            0.004819
                 159,            0.027196,           0.0086139,                   0,             0.68218,             0.23333,             0.23857,              0.1079,            0.071945,            0.011604,                   0,            0.004786,            0.004786,            0.004786
                 160,            0.024323,            0.007805,                   0,             0.67901,             0.23333,             0.24941,             0.05404,            0.073874,            0.011718,                   0,            0.004753,            0.004753,            0.004753
                 161,            0.024821,           0.0077444,                   0,             0.60597,             0.23333,             0.22592,            0.092754,            0.072901,            0.011757,                   0,             0.00472,             0.00472,             0.00472
                 162,            0.026068,           0.0070141,                   0,             0.45909,             0.26667,             0.22972,            0.043185,            0.074197,            0.011868,                   0,            0.004687,            0.004687,            0.004687
                 163,            0.027342,           0.0073358,                   0,             0.57871,             0.23333,             0.22627,            0.071057,            0.073646,             0.01187,                   0,            0.004654,            0.004654,            0.004654
                 164,            0.025287,           0.0069456,                   0,             0.58841,             0.23333,             0.22658,             0.05157,            0.074704,            0.011909,                   0,            0.004621,            0.004621,            0.004621
                 165,            0.026491,           0.0067206,                   0,             0.60485,             0.23333,             0.22833,            0.077347,             0.07336,             0.01184,                   0,            0.004588,            0.004588,            0.004588
                 166,            0.023882,           0.0070789,                   0,             0.26742,             0.23333,             0.13803,            0.045978,            0.074645,            0.011833,                   0,            0.004555,            0.004555,            0.004555
                 167,            0.026064,           0.0080936,                   0,              0.6501,             0.26667,             0.25587,            0.069695,            0.073759,            0.011796,                   0,            0.004522,            0.004522,            0.004522
                 168,            0.025162,           0.0065544,                   0,              0.5701,             0.23333,              0.2277,            0.063989,            0.074863,            0.011772,                   0,            0.004489,            0.004489,            0.004489
                 169,            0.022766,           0.0076656,                   0,             0.39697,             0.33333,             0.24736,            0.096598,            0.074304,            0.011716,                   0,            0.004456,            0.004456,            0.004456
                 170,            0.024914,           0.0072763,                   0,             0.49797,             0.26463,             0.22698,            0.068699,            0.074735,            0.011772,                   0,            0.004423,            0.004423,            0.004423
                 171,            0.021627,           0.0073026,                   0,             0.38606,             0.26667,             0.21025,            0.087521,            0.075297,            0.011692,                   0,             0.00439,             0.00439,             0.00439
                 172,             0.02686,           0.0073997,                   0,             0.39725,             0.26667,             0.22234,            0.051084,            0.075808,            0.011753,                   0,            0.004357,            0.004357,            0.004357
                 173,            0.024565,             0.00731,                   0,             0.39978,             0.28897,               0.215,            0.092741,             0.07444,            0.011738,                   0,            0.004324,            0.004324,            0.004324
                 174,            0.024852,           0.0072942,                   0,             0.42463,             0.33333,              0.2351,            0.068434,            0.075061,            0.011803,                   0,            0.004291,            0.004291,            0.004291
                 175,            0.024975,           0.0070918,                   0,             0.44445,                 0.3,             0.23002,             0.10129,            0.073904,            0.011799,                   0,            0.004258,            0.004258,            0.004258
                 176,            0.025442,           0.0074244,                   0,             0.35177,             0.33333,             0.22462,            0.051373,             0.07513,            0.011863,                   0,            0.004225,            0.004225,            0.004225
                 177,            0.022713,            0.006468,                   0,             0.38782,                 0.3,             0.23856,            0.084534,            0.073401,            0.011895,                   0,            0.004192,            0.004192,            0.004192
                 178,            0.024246,            0.006117,                   0,             0.41129,             0.23333,             0.21218,            0.063684,            0.074671,            0.011976,                   0,            0.004159,            0.004159,            0.004159
                 179,            0.024032,           0.0064081,                   0,             0.47096,             0.23333,             0.20966,            0.094762,            0.072218,            0.012034,                   0,            0.004126,            0.004126,            0.004126
                 180,            0.022025,           0.0065241,                   0,             0.40314,             0.23333,             0.18536,            0.062618,             0.07337,            0.012019,                   0,            0.004093,            0.004093,            0.004093
                 181,            0.023325,           0.0072176,                   0,             0.57018,                 0.3,             0.27784,            0.099392,            0.071614,             0.01204,                   0,             0.00406,             0.00406,             0.00406
                 182,            0.024439,           0.0066456,                   0,             0.65365,             0.26667,             0.23054,            0.072927,            0.072957,            0.012002,                   0,            0.004027,            0.004027,            0.004027
                 183,            0.021302,           0.0070509,                   0,             0.66102,             0.26046,             0.23391,             0.09073,            0.072166,            0.011975,                   0,            0.003994,            0.003994,            0.003994
                 184,            0.024431,           0.0067008,                   0,              0.5306,             0.26667,             0.24355,            0.073756,             0.07247,            0.011954,                   0,            0.003961,            0.003961,            0.003961
                 185,            0.021482,           0.0070282,                   0,             0.58481,             0.26667,             0.23377,            0.088533,            0.072402,            0.011818,                   0,            0.003928,            0.003928,            0.003928
                 186,            0.024061,           0.0062265,                   0,             0.58485,             0.26667,             0.23203,            0.068781,            0.072933,            0.011794,                   0,            0.003895,            0.003895,            0.003895
                 187,            0.021136,           0.0063474,                   0,              0.6346,                 0.3,             0.30264,            0.087305,            0.072217,            0.011699,                   0,            0.003862,            0.003862,            0.003862
                 188,            0.023535,           0.0070057,                   0,             0.60677,             0.26667,             0.23747,            0.072795,            0.072561,            0.011639,                   0,            0.003829,            0.003829,            0.003829
                 189,            0.021711,           0.0062155,                   0,             0.63409,             0.26667,              0.2671,            0.096249,            0.071555,            0.011703,                   0,            0.003796,            0.003796,            0.003796
                 190,            0.024055,           0.0069071,                   0,             0.59628,             0.26667,             0.24894,            0.087257,            0.072233,            0.011802,                   0,            0.003763,            0.003763,            0.003763
                 191,            0.023163,           0.0072667,                   0,             0.51707,             0.26667,             0.24135,             0.09118,             0.07191,            0.011876,                   0,             0.00373,             0.00373,             0.00373
                 192,            0.022042,           0.0063588,                   0,             0.47953,             0.26667,             0.23795,            0.079664,            0.072672,            0.011913,                   0,            0.003697,            0.003697,            0.003697
                 193,            0.023977,           0.0056844,                   0,             0.67394,             0.23333,              0.2508,            0.085025,             0.07232,            0.012053,                   0,            0.003664,            0.003664,            0.003664
                 194,            0.020547,           0.0066167,                   0,             0.67732,             0.23333,             0.23364,            0.089964,            0.072525,            0.012095,                   0,            0.003631,            0.003631,            0.003631
                 195,            0.022555,           0.0061427,                   0,             0.68047,             0.23333,             0.24233,            0.074984,            0.072323,            0.012197,                   0,            0.003598,            0.003598,            0.003598
                 196,            0.020381,             0.00563,                   0,             0.68123,             0.23333,             0.22286,             0.09927,            0.072317,            0.012213,                   0,            0.003565,            0.003565,            0.003565
                 197,            0.022388,           0.0058809,                   0,              0.6812,             0.23333,              0.2266,            0.092084,            0.071861,            0.012463,                   0,            0.003532,            0.003532,            0.003532
                 198,            0.021658,           0.0062046,                   0,             0.68197,             0.23333,             0.21962,            0.093395,            0.072213,            0.012457,                   0,            0.003499,            0.003499,            0.003499
                 199,            0.021074,           0.0058314,                   0,             0.67896,             0.23333,             0.23102,             0.08151,            0.071659,            0.012671,                   0,            0.003466,            0.003466,            0.003466
                 200,             0.02118,           0.0056927,                   0,              0.6815,             0.23333,             0.22063,             0.10167,            0.071903,            0.012692,                   0,            0.003433,            0.003433,            0.003433
                 201,            0.020543,           0.0065357,                   0,             0.67791,             0.23333,             0.23231,            0.093764,             0.07151,            0.012716,                   0,              0.0034,              0.0034,              0.0034
                 202,            0.022109,           0.0059385,                   0,             0.68034,             0.23333,             0.22606,             0.10485,            0.071325,            0.012472,                   0,            0.003367,            0.003367,            0.003367
                 203,            0.021394,           0.0060688,                   0,             0.73975,             0.23333,             0.25039,             0.09892,            0.071225,            0.012378,                   0,            0.003334,            0.003334,            0.003334
                 204,            0.019872,           0.0061013,                   0,             0.74821,             0.23333,             0.25055,             0.11798,            0.070907,            0.012213,                   0,            0.003301,            0.003301,            0.003301
                 205,            0.019437,           0.0057743,                   0,             0.74674,             0.23333,             0.25793,            0.087613,            0.070986,            0.012212,                   0,            0.003268,            0.003268,            0.003268
                 206,            0.020575,           0.0061279,                   0,             0.71761,             0.23333,             0.24446,              0.1074,            0.070921,             0.01214,                   0,            0.003235,            0.003235,            0.003235
                 207,            0.019975,           0.0059389,                   0,             0.69922,             0.23333,             0.25903,             0.10498,            0.070192,            0.012241,                   0,            0.003202,            0.003202,            0.003202
                 208,            0.020577,            0.006166,                   0,             0.61204,             0.26667,             0.25712,             0.11124,            0.070993,            0.012117,                   0,            0.003169,            0.003169,            0.003169
                 209,            0.018262,           0.0057394,                   0,             0.59452,             0.26667,             0.25482,             0.10218,            0.070398,             0.01219,                   0,            0.003136,            0.003136,            0.003136
                 210,            0.019846,           0.0057255,                   0,             0.59769,             0.26667,             0.24333,             0.10349,            0.071254,            0.012107,                   0,            0.003103,            0.003103,            0.003103
                 211,            0.019176,           0.0058247,                   0,             0.59275,             0.26667,             0.26037,             0.11196,            0.070472,            0.012157,                   0,             0.00307,             0.00307,             0.00307
                 212,            0.018688,           0.0057522,                   0,             0.62486,             0.26667,             0.24953,             0.10501,            0.071475,            0.012145,                   0,            0.003037,            0.003037,            0.003037
                 213,            0.018085,           0.0054529,                   0,             0.55707,             0.26667,              0.2628,              0.1268,            0.070763,            0.012192,                   0,            0.003004,            0.003004,            0.003004
                 214,            0.020768,           0.0060832,                   0,             0.58803,             0.26667,             0.25558,             0.09702,            0.072012,            0.012218,                   0,            0.002971,            0.002971,            0.002971
                 215,            0.018591,           0.0059047,                   0,             0.61133,             0.26667,             0.25726,             0.10797,              0.0716,            0.012195,                   0,            0.002938,            0.002938,            0.002938
                 216,            0.018294,           0.0051442,                   0,             0.59013,             0.26667,             0.26008,            0.084129,            0.072666,            0.012269,                   0,            0.002905,            0.002905,            0.002905
                 217,            0.019955,           0.0053443,                   0,             0.58874,             0.26667,             0.26211,              0.1115,            0.071537,            0.012323,                   0,            0.002872,            0.002872,            0.002872
                 218,            0.018247,           0.0047742,                   0,             0.57623,             0.26667,             0.27053,            0.095517,            0.072139,            0.012336,                   0,            0.002839,            0.002839,            0.002839
                 219,            0.018754,           0.0066695,                   0,             0.57427,             0.26667,             0.26421,             0.10207,            0.071288,             0.01234,                   0,            0.002806,            0.002806,            0.002806
                 220,            0.018532,           0.0057565,                   0,             0.69222,             0.26667,             0.27801,            0.090457,            0.072322,            0.012299,                   0,            0.002773,            0.002773,            0.002773
                 221,            0.020092,           0.0051584,                   0,             0.69958,             0.26667,             0.27028,             0.10546,            0.071156,            0.012311,                   0,             0.00274,             0.00274,             0.00274
                 222,            0.017007,           0.0050771,                   0,             0.70549,             0.26667,              0.2886,             0.09638,            0.071997,            0.012352,                   0,            0.002707,            0.002707,            0.002707
                 223,            0.018878,           0.0052914,                   0,             0.70648,             0.26667,             0.27264,             0.11441,            0.070795,            0.012404,                   0,            0.002674,            0.002674,            0.002674
                 224,            0.017527,           0.0043776,                   0,             0.70337,             0.26667,             0.28187,             0.10083,            0.072095,            0.012429,                   0,            0.002641,            0.002641,            0.002641
                 225,             0.01835,           0.0053775,                   0,             0.69453,             0.26667,             0.28321,             0.11828,            0.070984,            0.012467,                   0,            0.002608,            0.002608,            0.002608
                 226,            0.018148,            0.006144,                   0,             0.69719,             0.26667,             0.27567,             0.10451,            0.072399,            0.012454,                   0,            0.002575,            0.002575,            0.002575
                 227,            0.017159,           0.0054618,                   0,             0.68687,             0.26667,             0.28028,             0.12504,            0.071199,            0.012478,                   0,            0.002542,            0.002542,            0.002542
                 228,            0.016548,           0.0053387,                   0,             0.69012,             0.26667,             0.27981,              0.1105,            0.072282,            0.012432,                   0,            0.002509,            0.002509,            0.002509
                 229,            0.017713,            0.004918,                   0,             0.61046,                 0.3,             0.27523,              0.1243,            0.070623,            0.012454,                   0,            0.002476,            0.002476,            0.002476
                 230,            0.017577,           0.0053431,                   0,             0.62367,                 0.3,             0.27705,              0.1202,            0.071677,            0.012532,                   0,            0.002443,            0.002443,            0.002443
                 231,            0.018086,           0.0056875,                   0,             0.58315,                 0.3,             0.27086,             0.11882,            0.071223,            0.012567,                   0,             0.00241,             0.00241,             0.00241
                 232,            0.017765,           0.0057151,                   0,             0.62576,                 0.3,             0.28399,             0.10839,            0.072301,            0.012612,                   0,            0.002377,            0.002377,            0.002377
                 233,            0.017479,           0.0055118,                   0,             0.58684,                 0.3,              0.2743,             0.12228,            0.071272,            0.012614,                   0,            0.002344,            0.002344,            0.002344
                 234,             0.01703,           0.0051864,                   0,             0.74851,             0.29781,             0.28732,             0.10434,            0.072016,            0.012612,                   0,            0.002311,            0.002311,            0.002311
                 235,            0.015846,            0.004465,                   0,             0.73468,                 0.3,             0.27614,             0.11255,             0.07212,            0.012532,                   0,            0.002278,            0.002278,            0.002278
                 236,            0.015814,           0.0046402,                   0,             0.71844,                 0.3,             0.27126,             0.12403,            0.071871,            0.012535,                   0,            0.002245,            0.002245,            0.002245
                 237,            0.016749,           0.0048936,                   0,             0.72872,                 0.3,             0.27132,            0.097785,            0.073107,            0.012499,                   0,            0.002212,            0.002212,            0.002212
                 238,             0.01729,           0.0053563,                   0,             0.72829,                 0.3,              0.2694,             0.12318,            0.071848,            0.012487,                   0,            0.002179,            0.002179,            0.002179
                 239,            0.016433,           0.0061186,                   0,             0.73273,                 0.3,             0.26378,            0.096371,            0.072999,            0.012468,                   0,            0.002146,            0.002146,            0.002146
                 240,            0.015461,            0.005792,                   0,             0.73216,                 0.3,             0.26346,             0.11601,            0.071896,            0.012446,                   0,            0.002113,            0.002113,            0.002113
                 241,            0.015613,           0.0052908,                   0,             0.73266,                 0.3,             0.26318,            0.098782,            0.072635,            0.012416,                   0,             0.00208,             0.00208,             0.00208
                 242,            0.014775,           0.0049337,                   0,             0.73006,                 0.3,             0.26243,             0.11445,            0.071997,             0.01241,                   0,            0.002047,            0.002047,            0.002047
                 243,            0.017038,           0.0056789,                   0,             0.73065,                 0.3,             0.26139,             0.10562,            0.073201,             0.01246,                   0,            0.002014,            0.002014,            0.002014
                 244,            0.015091,           0.0050066,                   0,             0.72783,                 0.3,             0.26146,             0.11281,            0.072094,            0.012532,                   0,            0.001981,            0.001981,            0.001981
                 245,            0.014989,           0.0058553,                   0,             0.72726,                 0.3,             0.25707,             0.11068,            0.073043,            0.012551,                   0,            0.001948,            0.001948,            0.001948
                 246,            0.015596,           0.0050642,                   0,             0.72368,                 0.3,             0.25931,             0.11379,            0.072278,            0.012598,                   0,            0.001915,            0.001915,            0.001915
                 247,            0.017973,           0.0054223,                   0,             0.72676,                 0.3,              0.2593,             0.11076,            0.072763,            0.012649,                   0,            0.001882,            0.001882,            0.001882
                 248,            0.015228,           0.0050885,                   0,             0.70597,                 0.3,             0.26005,             0.11348,            0.072119,             0.01264,                   0,            0.001849,            0.001849,            0.001849
                 249,            0.015295,           0.0048875,                   0,             0.71564,                 0.3,             0.26209,             0.10655,            0.072736,             0.01271,                   0,            0.001816,            0.001816,            0.001816
                 250,            0.015251,           0.0049093,                   0,             0.69414,                 0.3,             0.25801,             0.11111,            0.072029,            0.012726,                   0,            0.001783,            0.001783,            0.001783
                 251,            0.015298,           0.0049619,                   0,             0.68002,                 0.3,             0.26647,             0.10123,            0.072518,            0.012822,                   0,             0.00175,             0.00175,             0.00175
                 252,            0.015491,           0.0045587,                   0,             0.64508,                 0.3,             0.26097,             0.11434,            0.071932,            0.012856,                   0,            0.001717,            0.001717,            0.001717
                 253,            0.015747,            0.004859,                   0,             0.64983,                 0.3,             0.25502,             0.10494,            0.072257,            0.012877,                   0,            0.001684,            0.001684,            0.001684
                 254,            0.014333,           0.0041673,                   0,             0.63016,                 0.3,             0.26478,             0.11619,            0.072227,            0.012816,                   0,            0.001651,            0.001651,            0.001651
                 255,            0.017055,           0.0058289,                   0,             0.67538,                 0.3,             0.26587,             0.11258,            0.072726,            0.012847,                   0,            0.001618,            0.001618,            0.001618
                 256,            0.014704,           0.0049892,                   0,             0.66475,                 0.3,             0.27776,             0.11628,            0.072225,            0.012839,                   0,            0.001585,            0.001585,            0.001585
                 257,            0.014407,           0.0049908,                   0,              0.6869,             0.29297,             0.27578,             0.12101,            0.072511,            0.012817,                   0,            0.001552,            0.001552,            0.001552
                 258,            0.014859,           0.0051906,                   0,             0.66584,                 0.3,             0.26892,             0.12525,            0.072309,            0.012791,                   0,            0.001519,            0.001519,            0.001519
                 259,            0.014978,           0.0053778,                   0,              0.6778,                 0.3,             0.27931,             0.12635,            0.072106,            0.012812,                   0,            0.001486,            0.001486,            0.001486
                 260,            0.014301,           0.0044335,                   0,             0.66329,                 0.3,             0.27513,              0.1156,             0.07215,            0.012827,                   0,            0.001453,            0.001453,            0.001453
                 261,             0.01428,           0.0046558,                   0,             0.66813,                 0.3,              0.2669,             0.12507,            0.072513,            0.012773,                   0,             0.00142,             0.00142,             0.00142
                 262,            0.014442,           0.0049443,                   0,             0.67016,                 0.3,             0.26826,             0.11399,            0.072421,            0.012787,                   0,            0.001387,            0.001387,            0.001387
                 263,            0.014607,           0.0044832,                   0,             0.66917,                 0.3,             0.26707,             0.12657,            0.072302,            0.012758,                   0,            0.001354,            0.001354,            0.001354
                 264,            0.014551,           0.0047248,                   0,             0.66778,                 0.3,             0.27061,             0.11643,            0.072317,            0.012794,                   0,            0.001321,            0.001321,            0.001321
                 265,            0.012273,           0.0050098,                   0,             0.65987,                 0.3,             0.27116,             0.11091,            0.072532,            0.012823,                   0,            0.001288,            0.001288,            0.001288
                 266,            0.014353,           0.0050532,                   0,             0.64797,                 0.3,             0.27128,             0.11259,            0.072173,            0.012832,                   0,            0.001255,            0.001255,            0.001255
                 267,            0.012463,           0.0046839,                   0,             0.64493,                 0.3,             0.27257,              0.1132,            0.072553,            0.012826,                   0,            0.001222,            0.001222,            0.001222
                 268,            0.012738,             0.00467,                   0,             0.63407,                 0.3,             0.27174,             0.11183,            0.072617,            0.012805,                   0,            0.001189,            0.001189,            0.001189
                 269,            0.013568,           0.0050386,                   0,             0.62082,                 0.3,             0.27204,             0.11051,            0.072409,            0.012822,                   0,            0.001156,            0.001156,            0.001156
                 270,            0.014161,           0.0049868,                   0,             0.60124,                 0.3,             0.27037,             0.11238,            0.072576,            0.012858,                   0,            0.001123,            0.001123,            0.001123
                 271,            0.014149,           0.0045162,                   0,             0.60191,                 0.3,             0.26854,             0.11336,            0.072484,            0.012881,                   0,             0.00109,             0.00109,             0.00109
                 272,            0.013553,           0.0049005,                   0,             0.60651,                 0.3,             0.27507,             0.11308,            0.072539,             0.01291,                   0,            0.001057,            0.001057,            0.001057
                 273,            0.014886,           0.0044579,                   0,             0.61499,                 0.3,             0.27021,             0.11753,            0.072282,             0.01293,                   0,            0.001024,            0.001024,            0.001024
                 274,            0.013204,           0.0053768,                   0,             0.61826,                 0.3,             0.26616,             0.11205,            0.072454,            0.012917,                   0,            0.000991,            0.000991,            0.000991
                 275,            0.011854,            0.004494,                   0,             0.59577,                 0.3,             0.26528,             0.11714,            0.072311,            0.012916,                   0,            0.000958,            0.000958,            0.000958
                 276,            0.014349,           0.0058466,                   0,             0.61819,                 0.3,             0.26692,             0.11357,            0.072281,            0.012921,                   0,            0.000925,            0.000925,            0.000925
                 277,            0.013265,           0.0051583,                   0,             0.61743,                 0.3,             0.26765,             0.11771,            0.072089,            0.012928,                   0,            0.000892,            0.000892,            0.000892
                 278,            0.014049,           0.0053039,                   0,             0.61351,                 0.3,             0.26942,             0.11815,            0.071885,            0.012941,                   0,            0.000859,            0.000859,            0.000859
                 279,            0.012796,           0.0049292,                   0,              0.6325,                 0.3,             0.26604,             0.11891,            0.071817,            0.012983,                   0,            0.000826,            0.000826,            0.000826
                 280,            0.013185,           0.0049575,                   0,             0.60867,                 0.3,             0.26521,             0.11782,            0.071575,             0.01303,                   0,            0.000793,            0.000793,            0.000793
                 281,            0.013259,           0.0041399,                   0,             0.62861,                 0.3,             0.26461,             0.11694,            0.071678,            0.013099,                   0,             0.00076,             0.00076,             0.00076
                 282,            0.011871,           0.0051502,                   0,             0.64245,             0.29951,             0.26748,             0.11781,            0.071752,             0.01312,                   0,            0.000727,            0.000727,            0.000727
                 283,            0.012397,           0.0043517,                   0,             0.75504,             0.23333,             0.25622,             0.11326,            0.071891,            0.013165,                   0,            0.000694,            0.000694,            0.000694
                 284,            0.012165,           0.0045126,                   0,             0.75391,             0.23333,             0.25613,             0.11326,            0.072093,            0.013196,                   0,            0.000661,            0.000661,            0.000661
                 285,            0.012262,           0.0045281,                   0,             0.75573,             0.23333,             0.25903,             0.12019,            0.072003,            0.013196,                   0,            0.000628,            0.000628,            0.000628
                 286,            0.012501,            0.004835,                   0,             0.75692,             0.23333,             0.25962,             0.11704,            0.071904,            0.013245,                   0,            0.000595,            0.000595,            0.000595
                 287,            0.012205,           0.0047545,                   0,             0.75521,             0.23333,             0.25857,             0.11223,            0.071786,            0.013269,                   0,            0.000562,            0.000562,            0.000562
                 288,            0.012639,           0.0046435,                   0,              0.7552,             0.23333,             0.25621,              0.1176,             0.07167,            0.013291,                   0,            0.000529,            0.000529,            0.000529
                 289,            0.010695,           0.0043077,                   0,              0.7541,             0.23333,             0.25546,             0.11294,             0.07172,            0.013306,                   0,            0.000496,            0.000496,            0.000496
                 290,            0.012708,           0.0042112,                   0,             0.75269,             0.23333,             0.25481,             0.11292,            0.071764,            0.013308,                   0,            0.000463,            0.000463,            0.000463
                 291,            0.012999,           0.0048327,                   0,              0.6106,             0.26169,             0.25503,             0.11732,            0.071707,            0.013315,                   0,             0.00043,             0.00043,             0.00043
                 292,             0.01202,            0.004994,                   0,             0.61362,             0.26483,              0.2553,             0.11737,            0.071788,            0.013318,                   0,            0.000397,            0.000397,            0.000397
                 293,             0.01188,            0.004887,                   0,              0.6149,             0.26616,             0.25465,             0.11411,            0.071858,            0.013328,                   0,            0.000364,            0.000364,            0.000364
                 294,            0.011591,           0.0048423,                   0,             0.61531,             0.26659,             0.25513,             0.11436,             0.07183,            0.013328,                   0,            0.000331,            0.000331,            0.000331
                 295,            0.012221,           0.0048659,                   0,             0.61084,             0.26667,             0.25677,             0.11289,            0.071851,            0.013325,                   0,            0.000298,            0.000298,            0.000298
                 296,            0.011382,           0.0042766,                   0,             0.62211,             0.27483,             0.25858,             0.11611,             0.07191,            0.013311,                   0,            0.000265,            0.000265,            0.000265
                 297,            0.011575,            0.004614,                   0,             0.62747,             0.28133,              0.2588,             0.11617,            0.071937,            0.013291,                   0,            0.000232,            0.000232,            0.000232
                 298,            0.012865,           0.0045755,                   0,             0.63438,             0.28972,             0.25875,             0.11541,            0.071929,            0.013274,                   0,            0.000199,            0.000199,            0.000199
                 299,            0.011418,           0.0045384,                   0,             0.63301,             0.28805,             0.25974,             0.11658,            0.071927,            0.013284,                   0,            0.000166,            0.000166,            0.000166
